Player_Id,Name,Position,Rank
7564,Ja'Marr Chase,WR,1
9509,Bijan Robinson,RB,2
4866,Saquon Barkley,RB,3
6786,CeeDee Lamb,WR,4
9493,Puka Nacua,WR,5
9221,Jahmyr Gibbs,RB,6
3198,Derrick Henry,RB,7
6794,Justin Jefferson,WR,8
4034,Christian McCaffrey,RB,9
11632,Malik Nabers,WR,10
7547,Amon-Ra St. Brown,WR,11
7569,Nico Collins,WR,12
11631,Brian Thomas,WR,13
12527,Ashton Jeanty,RB,14
8112,Drake London,WR,15
9488,Jaxon Smith-Njigba,WR,16
8155,Breece Hall,RB,17
6813,Jonathan Taylor,RB,18
11584,Bucky Irving,RB,19
5850,Josh Jacobs,RB,20
9224,Chase Brown,RB,21
9226,Devon Achane,RB,22
5859,A.J. Brown,WR,23
8146,Garrett Wilson,WR,24
12507,Omarion Hampton,RB,25
8150,Kyren Williams,RB,26
11635,Ladd McConkey,WR,27
6801,Tee Higgins,WR,28
11628,Marvin Harrison,WR,29
4984,Josh Allen,QB,30
4881,Lamar Jackson,QB,31
11604,Brock Bowers,TE,32
8130,Trey McBride,TE,33
2133,Davante Adams,WR,34
8138,James Cook,RB,35
12526,Tetairoa McMillan,WR,36
4035,Alvin Kamara,RB,37
7594,Chuba Hubbard,RB,38
5045,Courtland Sutton,WR,39
2216,Mike Evans,WR,40
6904,Jalen Hurts,QB,41
11566,Jayden Daniels,QB,42
12529,TreVeyon Henderson,RB,43
7525,DeVonta Smith,WR,44
5927,Terry McLaurin,WR,45
10859,Sam LaPorta,TE,46
9997,Zay Flowers,WR,47
12530,Travis Hunter,WR,48
11620,Rome Odunze,WR,49
5846,DK Metcalf,WR,50
12514,Emeka Egbuka,WR,51
8148,Jameson Williams,WR,52
7543,Travis Etienne,RB,53
5967,Tony Pollard,RB,54
3321,Tyreek Hill,WR,55
11624,Xavier Worthy,WR,56
4981,Calvin Ridley,WR,57
8144,Chris Olave,WR,58
8137,George Pickens,WR,59
4983,DJ Moore,WR,60
9753,Zach Charbonnet,RB,61
8151,Kenneth Walker,RB,62
4137,James Conner,RB,63
10229,Rashee Rice,WR,64
12518,Tyler Warren,TE,65
6770,Joe Burrow,QB,66
9756,Jordan Addison,WR,67
11637,Keon Coleman,WR,68
7588,Javonte Williams,RB,69
5872,Deebo Samuel,WR,70
6783,Jerry Jeudy,WR,71
7526,Jaylen Waddle,WR,72
5947,Jakobi Meyers,WR,73
4046,Patrick Mahomes,QB,74
6819,Michael Pittman,WR,75
12533,Jacory Croskey-Merritt,RB,76
6790,D'Andre Swift,RB,77
12501,Matthew Golden,WR,78
12489,RJ Harvey,RB,79
8205,Isiah Pacheco,RB,80
5892,David Montgomery,RB,81
11638,Ricky Pearsall,WR,82
2449,Stefon Diggs,WR,83
4892,Baker Mayfield,QB,84
8134,Khalil Shakir,WR,85
4217,George Kittle,TE,86
4037,Chris Godwin,WR,87
9500,Josh Downs,WR,88
8676,Rashid Shaheed,WR,89
10222,Jayden Reed,WR,90
1466,Travis Kelce,TE,91
4033,David Njoku,TE,92
12512,Quinshon Judkins,RB,93
7090,Darnell Mooney,WR,94
11655,Tyrone Tracy,RB,95
4199,Aaron Jones,RB,96
7591,Justin Fields,QB,97
5849,Kyler Murray,QB,98
5848,Marquise Brown,WR,99
8408,Jordan Mason,RB,100
11563,Bo Nix,QB,101
9484,Tucker Kraft,TE,102
8228,Jaylen Warren,RB,103
6806,J.K. Dobbins,RB,104
8183,Brock Purdy,QB,105
4066,Evan Engram,TE,106
7049,Jauan Jennings,WR,107
4663,Austin Ekeler,RB,108
4039,Cooper Kupp,WR,109
11564,Drake Maye,QB,110
12484,Jayden Higgins,WR,111
12504,Kaleb Johnson,RB,112
12481,Cam Skattebo,RB,113
9504,Kayshon Boutte,WR,114
11560,Caleb Williams,QB,115
11565,J.J. McCarthy,QB,116
6797,Justin Herbert,QB,117
1479,Keenan Allen,WR,118
7611,Rhamondre Stevenson,RB,119
11589,Trey Benson,RB,120
1373,Geno Smith,QB,121
4018,Joe Mixon,RB,122
11559,Michael Penix,QB,123
12490,Bhayshul Tuten,RB,124
12469,Dylan Sampson,RB,125
5870,Daniel Jones,QB,126
6803,Brandon Aiyuk,WR,127
5844,T.J. Hockenson,TE,128
9754,Quentin Johnston,WR,129
7528,Najee Harris,RB,130
5012,Mark Andrews,TE,131
11646,Jalen Coker,WR,132
5022,Dallas Goedert,TE,133
9225,Tank Bigsby,RB,134
8136,Rachaad White,RB,135
12506,Harold Fannin,TE,136
4144,Jonnu Smith,TE,137
3294,Dak Prescott,QB,138
4098,Kareem Hunt,RB,139
9508,Tyjae Spears,RB,140
8154,Brian Robinson,RB,141
7571,Rashod Bateman,WR,142
11575,Ray Davis,RB,143
12541,Dont'e Thornton Jr.,WR,144
4988,Nick Chubb,RB,145
3163,Jared Goff,QB,146
8143,Jerome Ford,RB,147
12495,Ollie Gordon II,RB,148
6804,Jordan Love,QB,149
9758,C.J. Stroud,QB,150
421,Matthew Stafford,QB,151
6768,Tua Tagovailoa,QB,152
7523,Trevor Lawrence,QB,153
96,Aaron Rodgers,QB,154
12519,Luther Burden,WR,155
4950,Christian Kirk,WR,156
10444,Cedric Tillman,WR,157
11626,Xavier Legette,WR,158
2025008,Jaylin Noel,WR,159
8121,Romeo Doubs,WR,160
1689,Adam Thielen,WR,161
7670,Joshua Palmer,WR,162
9494,Marvin Mims,WR,163
12483,Jack Bech,WR,164
12509,Tre Harris,WR,165
11618,Jalen McMillan,WR,166
11576,Braelon Allen,RB,167
2025009,Kyle Williams,WR,168
10236,Dalton Kincaid,TE,169
7553,Kyle Pitts,TE,170
7002,Juwan Johnson,TE,171
1339,Zach Ertz,TE,172
8110,Jake Ferguson,TE,173
12517,Colston Loveland,TE,174
3214,Hunter Henry,TE,175
8131,Isaiah Likely,TE,176
12487,Terrance Ferguson,TE,177
8132,Tyler Allgeier,RB,178
12522,Cameron Ward,QB,179
7021,Rico Dowdle,RB,180
6151,Miles Sanders,RB,181
12457,Jaydon Blue,RB,182
1426,DeAndre Hopkins,WR,183
9501,DeMario Douglas,WR,184
9228,Bryce Young,QB,185
9480,Brenton Strange,TE,186
12492,Pat Bryant,WR,187
12471,DJ Giddens,RB,188
2025001,Kyle Monangai,RB,189
8126,Wan'Dale Robinson,WR,190
10235,Roschon Johnson,RB,191
4943,Sam Darnold,QB,192
19,Joe Flacco,QB,193
11643,Jaylen Wright,RB,194
11651,Isaac Guerendo,RB,195
12498,Mason Taylor,TE,196
8111,Cade Otton,TE,197
11577,Will Shipley,RB,198
