Player,Team,Rank
"Tua Tagovailoa","MIA","57"
"Bryce Young","CAR","59"
"Geno Smith","LV","67"
"Michael Penix Jr.","ATL","68"
"Matthew Stafford","LAR","69"
"Cam Ward","TEN","79"
"Sam Darnold","SEA","80"
"Aaron Rodgers","PIT","98"
"Daniel Jones","IND","103"
"Josh Downs","IND","111"
"Jacory Croskey-Merritt","WAS","122"
"Jake Ferguson","DAL","125"
"Russell Wilson","NYG","127"
"Christian Kirk","HOU","134"
"Braelon Allen","NYJ","139"
"Anthony Richardson Sr.","IND","140"
"Marvin Mims Jr.","DEN","143"
"Cedric Tillman","CLE","144"
"Luther Burden III","CHI","145"
"Hunter Henry","NE","147"
"Rashod Bateman","BAL","150"
"Ray Davis","BUF","151"
"Jerome Ford","CLE","155"
"Nick Chubb","HOU","156"
"Joe Flacco","CLE","160"
"Keenan Allen","LAC","162"
"Dylan Sampson","CLE","163"
"Wan'Dale Robinson","NYG","164"
"Romeo Doubs","GB","165"
"DeMario Douglas","NE","166"
"Zach Ertz","WAS","168"
"Tyler Shough","NO","172"
"Rico Dowdle","CAR","173"
"Joshua Palmer","BUF","174"
"Kyle Williams","NE","176"
"Tre' Harris","LAC","177"
"Brenton Strange","JAC","178"
"Jalen Coker","CAR","179"
"Quentin Johnston","LAC","180"
"Chig Okonkwo","TEN","181"
"Ollie Gordon II","MIA","182"
"DeAndre Hopkins","BAL","183"
"Blake Corum","LAR","184"
"Roschon Johnson","CHI","185"
"Woody Marks","HOU","186"
"Mike Gesicki","CIN","187"
"Cade Otton","TB","189"
"Alec Pierce","IND","191"
"Isaiah Likely","BAL","192"
"Michael Wilson","ARI","193"
"Jaxson Dart","NYG","194"
"Mason Taylor","NYJ","195"
"Jaylen Wright","MIA","196"
"Darius Slayton","NYG","197"
"Adonai Mitchell","IND","198"
"Will Shipley","PHI","199"
"Elic Ayomanor","TEN","200"
"Jaylin Noel","HOU","201"
"Pat Bryant","DEN","203"
"Justice Hill","BAL","204"
"Andrei Iosivas","CIN","205"
"Kendre Miller","NO","206"
"DJ Giddens","IND","207"
"Kyle Monangai","CHI","208"
"Kareem Hunt","KC","209"
"Chris Rodriguez Jr.","WAS","210"
"Dalton Schultz","HOU","211"
"Calvin Austin III","PIT","212"
"Dontayvion Wicks","GB","213"
"Ja'Tavion Sanders","CAR","214"
"Tyler Lockett","TEN","215"
"Jalen McMillan","TB","216"
"Juwan Johnson","NO","217"
"Keaton Mitchell","BAL","218"
"MarShawn Lloyd","GB","219"
"Elijah Arroyo","SEA","220"
"Tory Horton","SEA","221"
"Tahj Brooks","CIN","222"
"Jalen Royals","KC","223"
"Roman Wilson","PIT","224"
"Dameon Pierce","HOU","225"
"Brashard Smith","KC","226"
"Dyami Brown","JAC","227"
"Miles Sanders","DAL","228"
"Devaughn Vele","NO","229"
"Dont'e Thornton Jr.","LV","230"
"Jaleel McLaughlin","DEN","231"
"Malik Washington","MIA","232"
"Harold Fannin Jr.","CLE","233"
"Isaac TeSlaa","DET","234"
"Cole Kmet","CHI","235"
"Jarquez Hunter","LAR","236"
"Brandin Cooks","NO","237"
"Theo Johnson","NYG","238"
"Devin Neal","NO","239"
"Sean Tucker","TB","240"
"Elijah Moore","BUF","241"
"Jalen Tolbert","DAL","242"
"Raheem Mostert","LV","243"
"Kayshon Boutte","NE","244"
"Amari Cooper","LV","245"
"Trevor Etienne","CAR","246"
"Kenneth Gainwell","PIT","247"
"Noah Gray","KC","248"
"Devin Singletary","NYG","250"
"Antonio Gibson","NE","251"
"Tre Tucker","LV","253"
"Ty Johnson","BUF","254"
"Darren Waller","MIA","255"
"Jalen Nailor","MIN","256"
"Isaiah Davis","NYJ","257"
"Parker Washington","JAC","258"
"Tim Patrick","JAC","259"
"Luke McCaffrey","WAS","260"
"Emanuel Wilson","GB","261"
"Christian Watson","GB","262"
"Jordan James","SF","263"
"Diontae Johnson","FA","264"
"Taysom Hill","NO","265"
"Chris Brooks","GB","266"
"Troy Franklin","DEN","267"
"Noah Fant","CIN","268"
"Xavier Restrepo","TEN","269"
"Terrance Ferguson","LAR","270"
"Jermaine Burton","CIN","271"
"Tez Johnson","TB","272"
"Ray-Ray McCloud III","ATL","273"
"Audric Estime","PHI","274"
"Tutu Atwell","LAR","275"
"Tyler Higbee","LAR","276"
"Phil Mafah","DAL","277"
"Ty Chandler","MIN","278"
"Samaje Perine","CIN","279"
"Kimani Vidal","LAC","280"
"Zamir White","LV","281"
"Khalil Herbert","FA","282"
"Oronde Gadsden II","LAC","283"
"Damien Martinez","SEA","284"
"Sincere McCormick","SF","285"
"Jordan Whittington","LAR","286"
"Ben Sinnott","WAS","287"
"Shedeur Sanders","CLE","288"
"Josh Reynolds","NYJ","289"
"Will Dissly","LAC","290"
"Raheim Sanders","CLE","291"
"Tyler Conklin","LAC","292"
"A.J. Dillon","PHI","293"
"Noah Brown","WAS","294"
"KaVontae Turpin","DAL","295"
"Jaylin Lane","WAS","296"
"Isaiah Bond","CLE","297"
"John Metchie III","PHI","298"
"KeAndre Lambert-Smith","LAC","299"
"AJ Barner","SEA","300"
"Gabe Davis","FA","301"
"Demarcus Robinson","SF","302"
"Olamide Zaccheaus","CHI","304"
"Zack Moss","FA","305"
"Tai Felton","MIN","306"
"Jalen Milroe","SEA","307"
"Dawson Knox","BUF","308"
"Kalel Mullings","TEN","309"
"LeQuint Allen Jr.","JAC","310"
"Luke Musgrave","GB","311"
"Chimere Dike","TEN","312"
"Savion Williams","GB","313"
"Mack Hollins","NE","314"
"Gus Edwards","FA","315"
"Marquez Valdes-Scantling","SF","317"
"Emari Demercado","ARI","318"
"Gunnar Helm","TEN","319"
"Allen Lazard","NYJ","320"
"Jahan Dotson","PHI","321"
"Tank Dell","HOU","322"
"Austin Hooper","NE","323"
"Cam Akers","FA","324"
"Zay Jones","ARI","325"
"Van Jefferson","TEN","326"
"Dillon Gabriel","CLE","327"
"Donovan Edwards","WAS","328"
"Cade Stover","HOU","329"
"Trey Sermon","PIT","330"
"Jamari Thrash","CLE","331"
"Kirk Cousins","ATL","332"
"Craig Reynolds","DET","333"
"Greg Dortch","ARI","334"
"Kyle Juszczyk","SF","335"
"Luke Schoonmaker","DAL","336"
"Hunter Renfrow","CAR","337"
"Julius Chestnut","TEN","338"
"Jameis Winston","NYG","339"
"Antwane Wells Jr.","FA","340"
"Jacob Cowing","SF","341"
"Theo Wease Jr.","MIA","342"
"Jimmy Garoppolo","LAR","343"
"Foster Moreau","NO","344"
"Dare Ogunbowale","HOU","345"
"Josh Oliver","MIN","346"
"Tommy Tremble","CAR","347"
"Efton Chism III","NE","348"
"Jeremy McNichols","WAS","349"
"Jonathon Brooks","CAR","350"
"Jalin Hyatt","NYG","351"
"Grant Calcaterra","PHI","353"
"George Holani","SEA","354"
"Arian Smith","NYJ","355"
"Hassan Haskins","LAC","356"
"Tyler Goodson","IND","357"
"Ja'Quinden Jackson","JAC","358"
"Jordan Watkins","SF","359"
"Deshaun Watson","CLE","360"
"Xavier Hutchinson","HOU","361"
"Skyy Moore","SF","362"
"Joe Milton III","DAL","363"
"Kalif Raymond","DET","364"
"Tyquan Thornton","KC","366"
"Darnell Washington","PIT","367"
"Jeremy Ruckert","NYJ","368"
"Jimmy Horn Jr.","CAR","369"
"Tyler Badie","DEN","370"
"Alec Ingold","MIA","371"
"Tyrod Taylor","NYJ","373"
"Robert Woods","PIT","374"
"Tyler Johnson","NYJ","375"
"Pierre Strong Jr.","FA","376"
"D'Ernest Johnson","FA","377"
"Zach Wilson","MIA","378"
"Clyde Edwards-Helaire","KC","379"
"Mitchell Evans","CAR","380"
"Javon Baker","PHI","381"
"Colby Parkinson","LAR","382"
"Carson Steele","KC","383"
"Chris Tyree","NO","384"
"Hunter Luepke","DAL","385"
"Casey Washington","ATL","386"
"Jake Haener","NO","387"
"Stone Smartt","NYJ","388"
"Jake Bobo","SEA","390"
"Jeff Wilson Jr.","MIA","391"
"Jonathan Mingo","DAL","392"
"Mitchell Tinsley","CIN","393"
"David Moore","CAR","394"
"John Bates","WAS","395"
"Brock Wright","DET","396"
"Sterling Shepard","TB","397"
"Tyrell Shavers","BUF","398"
"David Bell","CLE","399"
"KhaDarel Hodge","ATL","400"
"DeAndre Carter","CLE","401"
"Russell Gage Jr.","SF","402"
"Gardner Minshew II","KC","404"
"Sione Vaki","DET","405"
"Andy Dalton","CAR","406"
"Greg Dulcich","MIA","408"
"Mason Rudolph","PIT","409"
"Michael Carter","ARI","410"
"Daniel Bellinger","NYG","411"
"Rasheen Ali","BAL","412"
"Will Howard","PIT","413"
"Bub Means","NO","415"
"Tavon Austin","FA","416"
"Julian Hill","MIA","417"
"Jawhar Jordan","HOU","418"
"Ricky White III","SEA","419"
"DJ Chark Jr.","FA","420"
"Tony Jones Jr.","FA","421"
"Treyton Welch","NO","422"
"Xavier Gipson","NYJ","423"
"Patrick Ricard","BAL","424"
"Dylan Laube","LV","425"
"Harrison Bryant","HOU","426"
"Drake Stoops","FA","427"
"Terrell Jennings","NE","428"
"Jase McClellan","FA","429"
"Carlos Washington Jr.","ATL","430"
"Sam Howell","PHI","431"
"Scotty Miller","PIT","432"
"Troy Hairston II","FA","433"
"Thomas Fidone II","NYG","434"
"Luke Lachey","HOU","435"
"Kendrick Bourne","FA","436"
"Mecole Hardman Jr.","GB","437"
"Marcus Yarns","FA","438"
"Jamaal Williams","FA","439"
"Trent Sherfield Sr.","DEN","440"
"Zavier Scott","MIN","441"
"Johnny Mundt","JAC","442"
"Bryce Oliver","TEN","443"
"Ben Skowronek","PIT","444"
"Beaux Collins","NYG","445"
"Michael Burton","DEN","446"
"Trayveon Williams","CLE","447"
"Cordarrelle Patterson","FA","448"
"C.J. Ham","MIN","449"
"Julian Fleming","FA","450"
"Eric Gray","NYG","451"
"Cedrick Wilson Jr.","NO","453"
"DeeJay Dallas","CAR","454"
"Marcus Mariota","WAS","455"
"Ezekiel Elliott","FA","456"
"Tanner Conner","MIA","457"
"Derius Davis","LAC","459"
"Tylan Wallace","BAL","460"
"Dalvin Cook","FA","461"
"Darius Cooper","PHI","462"
"Andrew Beck","NYJ","463"
"Ian Thomas","LV","464"
"Jakob Johnson","HOU","465"
"David Martin-Robinson","TEN","466"
"LaJohntay Wester","BAL","467"
"Adam Prentice","DEN","468"
"Adam Trautman","DEN","469"
"Velus Jones Jr.","NO","470"
"Luke Farrell","SF","471"
"Tanner Hudson","CIN","472"
"Malcolm Johnson","FA","473"
"Kene Nwangwu","NYJ","474"
"Robert Tonyan","KC","475"
"Josh Williams","TB","476"
"Jalen Brooks","DAL","477"
"Corey Kiner","SF","478"
"Simi Fehoko","ARI","479"
"Brycen Tremayne","CAR","480"
"Keaontay Ingram","KC","482"
"Trey Knox","FA","483"
"British Brooks","HOU","484"
"Michael Bennett","FA","485"
"Lucas Krull","DEN","486"
"John Stephens Jr.","DAL","487"
"Chris Blair","ATL","488"