Rank,Player,Team
1,Josh Allen,BUF
2,Lamar Jackson,BAL
3,Jayden Daniels,WAS
4,Jalen Hurts,PHI
5,Joe Burrow,CIN
6,Ja'Marr Chase,CIN
7,Patrick Mahomes II,KC
8,CeeDee Lamb,DAL
9,Baker Mayfield,TB
10,Justin Jefferson,MIN
11,Bo Nix,DEN
12,Bijan Robinson,ATL
13,Jahmyr Gibbs,DET
14,Malik Nabers,NYG
15,Kyler Murray,ARI
16,Dak Prescott,DAL
17,Amon-Ra St. Brown,DET
18,Saquon Barkley,PHI
19,Nico Collins,HOU
20,Puka Nacua,LAR
21,Brock Purdy,SF
22,Justin Fields,NYJ
23,Christian McCaffrey,SF
24,Brian Thomas Jr.,JAC
25,Drake London,ATL
26,Drake Maye,NE
27,Justin Herbert,LAC
28,Caleb Williams,CHI
29,Jared Goff,DET
30,Ashton Jeanty,LV
31,A.J. Brown,PHI
32,Ladd McConkey,LAC
33,Brock Bowers,LV
34,De'Von Achane,MIA
35,Jaxon Smith-Njigba,SEA
36,Jordan Love,GB
37,Trey McBride,ARI
38,Trevor Lawrence,JAC
39,Derrick Henry,BAL
40,Tee Higgins,CIN
41,Chase Brown,CIN
42,Garrett Wilson,NYJ
43,C.J. Stroud,HOU
44,Bucky Irving,TB
45,J.J. McCarthy,MIN
46,Josh Jacobs,GB
47,Tyreek Hill,MIA
48,George Kittle,SF
49,Jonathan Taylor,IND
50,Mike Evans,TB
51,Davante Adams,LAR
52,Marvin Harrison Jr.,ARI
53,Terry McLaurin,WAS
54,Kyren Williams,LAR
55,DJ Moore,CHI
56,Alvin Kamara,NO
57,Tua Tagovailoa,MIA
58,Courtland Sutton,DEN
59,Bryce Young,CAR
60,James Cook,BUF
61,Tetairoa McMillan,CAR
62,Omarion Hampton,LAC
63,Kenneth Walker III,SEA
64,DK Metcalf,PIT
65,DeVonta Smith,PHI
66,Breece Hall,NYJ
67,Geno Smith,LV
68,Michael Penix Jr.,ATL
69,Matthew Stafford,LAR
70,Jaylen Waddle,MIA
71,Xavier Worthy,KC
72,Calvin Ridley,TEN
73,Chuba Hubbard,CAR
74,George Pickens,DAL
75,TreVeyon Henderson,NE
76,James Conner,ARI
77,Zay Flowers,BAL
78,Jameson Williams,DET
79,Cam Ward,TEN
80,Sam Darnold,SEA
81,Tony Pollard,TEN
82,Chris Olave,NO
83,D'Andre Swift,CHI
84,T.J. Hockenson,MIN
85,Travis Hunter,JAC
86,RJ Harvey,DEN
87,Sam LaPorta,DET
88,Isiah Pacheco,KC
89,David Montgomery,DET
90,Aaron Jones Sr.,MIN
91,Jerry Jeudy,CLE
92,Rome Odunze,CHI
93,Rashee Rice,KC
94,Stefon Diggs,NE
95,Emeka Egbuka,TB
96,Travis Kelce,KC
97,Ricky Pearsall,SF
98,Aaron Rodgers,PIT
99,Jakobi Meyers,LV
100,Tyrone Tracy Jr.,NYG
101,Jaylen Warren,PIT
102,David Njoku,CLE
103,Daniel Jones,IND
104,Evan Engram,DEN
105,Mark Andrews,BAL
106,Travis Etienne Jr.,JAC
107,Kaleb Johnson,PIT
108,Khalil Shakir,BUF
109,Deebo Samuel Sr.,WAS
110,Jordan Addison,MIN
111,Josh Downs,IND
112,Zach Charbonnet,SEA
113,Michael Pittman Jr.,IND
114,Jauan Jennings,SF
115,Jordan Mason,MIN
116,Tyler Warren,IND
117,Matthew Golden,GB
118,Javonte Williams,DAL
119,Tucker Kraft,GB
120,Chris Godwin Jr.,TB
121,Cooper Kupp,SEA
122,Jacory Croskey-Merritt,WAS
123,J.K. Dobbins,DEN
124,Jayden Reed,GB
125,Jake Ferguson,DAL
126,Austin Ekeler,WAS
127,Russell Wilson,NYG
128,Rhamondre Stevenson,NE
129,Darnell Mooney,ATL
130,Keon Coleman,BUF
131,Dalton Kincaid,BUF
132,Tank Bigsby,JAC
133,Cam Skattebo,NYG
134,Christian Kirk,HOU
135,Colston Loveland,CHI
136,Dallas Goedert,PHI
137,Rashid Shaheed,NO
138,Rachaad White,TB
139,Braelon Allen,NYJ
140,Anthony Richardson Sr.,IND
141,Brandon Aiyuk,SF
142,Najee Harris,LAC
143,Marvin Mims Jr.,DEN
144,Cedric Tillman,CLE
145,Luther Burden III,CHI
146,Trey Benson,ARI
147,Hunter Henry,NE
148,Brian Robinson Jr.,SF
149,Joe Mixon,HOU
150,Rashod Bateman,BAL
151,Ray Davis,BUF
152,Kyle Pitts Sr.,ATL
153,Quinshon Judkins,CLE
154,Spencer Rattler,NO
155,Jerome Ford,CLE
156,Nick Chubb,HOU
157,Bhayshul Tuten,JAC
158,Jayden Higgins,HOU
159,Jaydon Blue,DAL
160,Joe Flacco,CLE
161,Tyjae Spears,TEN
162,Keenan Allen,LAC
163,Dylan Sampson,CLE
164,Wan'Dale Robinson,NYG
165,Romeo Doubs,GB
166,DeMario Douglas,NE
167,Tyler Allgeier,ATL
168,Zach Ertz,WAS
169,Marquise Brown,KC
170,Adam Thielen,MIN
171,Jonnu Smith,PIT
172,Tyler Shough,NO
173,Rico Dowdle,CAR
174,Joshua Palmer,BUF
175,Xavier Legette,CAR
176,Kyle Williams,NE
177,Tre' Harris,LAC
178,Brenton Strange,JAC
179,Jalen Coker,CAR
180,Quentin Johnston,LAC
181,Chig Okonkwo,TEN
182,Ollie Gordon II,MIA
183,DeAndre Hopkins,BAL
184,Blake Corum,LAR
185,Roschon Johnson,CHI
186,Woody Marks,HOU
187,Mike Gesicki,CIN
188,Pat Freiermuth,PIT
189,Cade Otton,TB
190,Isaac Guerendo,SF
191,Alec Pierce,IND
192,Isaiah Likely,BAL
193,Michael Wilson,ARI
194,Jaxson Dart,NYG
195,Mason Taylor,NYJ
196,Jaylen Wright,MIA
197,Darius Slayton,NYG
198,Adonai Mitchell,IND
199,Will Shipley,PHI
200,Elic Ayomanor,TEN
201,Jaylin Noel,HOU
202,Jack Bech,LV
203,Pat Bryant,DEN
204,Justice Hill,BAL
205,Andrei Iosivas,CIN
206,Kendre Miller,NO
207,DJ Giddens,IND
208,Kyle Monangai,CHI
209,Kareem Hunt,KC
210,Chris Rodriguez Jr.,WAS
211,Dalton Schultz,HOU
212,Calvin Austin III,PIT
213,Dontayvion Wicks,GB
214,Ja'Tavion Sanders,CAR
215,Tyler Lockett,TEN
216,Jalen McMillan,TB
217,Juwan Johnson,NO
218,Keaton Mitchell,BAL
219,MarShawn Lloyd,GB
220,Elijah Arroyo,SEA
221,Tory Horton,SEA
222,Tahj Brooks,CIN
223,Jalen Royals,KC
224,Roman Wilson,PIT
225,Dameon Pierce,HOU
226,Brashard Smith,KC
227,Dyami Brown,JAC
228,Miles Sanders,DAL
229,Devaughn Vele,NO
230,Dont'e Thornton Jr.,LV
231,Jaleel McLaughlin,DEN
232,Malik Washington,MIA
233,Harold Fannin Jr.,CLE
234,Isaac TeSlaa,DET
235,Cole Kmet,CHI
236,Jarquez Hunter,LAR
237,Brandin Cooks,NO
238,Theo Johnson,NYG
239,Devin Neal,NO
240,Sean Tucker,TB
241,Elijah Moore,BUF
242,Jalen Tolbert,DAL
243,Raheem Mostert,LV
244,Kayshon Boutte,NE
245,Amari Cooper,LV
246,Trevor Etienne,CAR
247,Kenneth Gainwell,PIT
248,Noah Gray,KC
249,Nick Westbrook-Ikhine,MIA
250,Devin Singletary,NYG
251,Antonio Gibson,NE
252,Elijah Mitchell,KC
253,Tre Tucker,LV
254,Ty Johnson,BUF
255,Darren Waller,MIA
256,Jalen Nailor,MIN
257,Isaiah Davis,NYJ
258,Parker Washington,JAC
259,Tim Patrick,JAC
260,Luke McCaffrey,WAS
261,Emanuel Wilson,GB
262,Christian Watson,GB
263,Jordan James,SF
264,Diontae Johnson,FA
265,Taysom Hill,NO
266,Chris Brooks,GB
267,Troy Franklin,DEN
268,Noah Fant,CIN
269,Xavier Restrepo,TEN
270,Terrance Ferguson,LAR
271,Jermaine Burton,CIN
272,Tez Johnson,TB
273,Ray-Ray McCloud III,ATL
274,Audric Estime,PHI
275,Tutu Atwell,LAR
276,Tyler Higbee,LAR
277,Phil Mafah,DAL
278,Ty Chandler,MIN
279,Samaje Perine,CIN
280,Kimani Vidal,LAC
281,Zamir White,LV
282,Khalil Herbert,FA
283,Oronde Gadsden II,LAC
284,Damien Martinez,SEA
285,Sincere McCormick,SF
286,Jordan Whittington,LAR
287,Ben Sinnott,WAS
288,Shedeur Sanders,CLE
289,Josh Reynolds,NYJ
290,Will Dissly,LAC
291,Raheim Sanders,CLE
292,Tyler Conklin,LAC
293,A.J. Dillon,PHI
294,Noah Brown,WAS
295,KaVontae Turpin,DAL
296,Jaylin Lane,WAS
297,Isaiah Bond,CLE
298,John Metchie III,PHI
299,KeAndre Lambert-Smith,LAC
300,AJ Barner,SEA
301,Gabe Davis,FA
302,Demarcus Robinson,SF
303,Michael Mayer,LV
304,Olamide Zaccheaus,CHI
305,Zack Moss,FA
306,Tai Felton,MIN
307,Jalen Milroe,SEA
308,Dawson Knox,BUF
309,Kalel Mullings,TEN
310,LeQuint Allen Jr.,JAC
311,Luke Musgrave,GB
312,Chimere Dike,TEN
313,Savion Williams,GB
314,Mack Hollins,NE
315,Gus Edwards,FA
316,Curtis Samuel,BUF
317,Marquez Valdes-Scantling,SF
318,Emari Demercado,ARI
319,Gunnar Helm,TEN
320,Allen Lazard,NYJ
321,Jahan Dotson,PHI
322,Tank Dell,HOU
323,Austin Hooper,NE
324,Cam Akers,FA
325,Zay Jones,ARI
326,Van Jefferson,TEN
327,Dillon Gabriel,CLE
328,Donovan Edwards,WAS
329,Cade Stover,HOU
330,Trey Sermon,PIT
331,Jamari Thrash,CLE
332,Kirk Cousins,ATL
333,Craig Reynolds,DET
334,Greg Dortch,ARI
335,Kyle Juszczyk,SF
336,Luke Schoonmaker,DAL
337,Hunter Renfrow,CAR
338,Julius Chestnut,TEN
339,Jameis Winston,NYG
340,Antwane Wells Jr.,FA
341,Jacob Cowing,SF
342,Theo Wease Jr.,MIA
343,Jimmy Garoppolo,LAR
344,Foster Moreau,NO
345,Dare Ogunbowale,HOU
346,Josh Oliver,MIN
347,Tommy Tremble,CAR
348,Efton Chism III,NE
349,Jeremy McNichols,WAS
350,Jonathon Brooks,CAR
351,Jalin Hyatt,NYG
352,JuJu Smith-Schuster,KC
353,Grant Calcaterra,PHI
354,George Holani,SEA
355,Arian Smith,NYJ
356,Hassan Haskins,LAC
357,Tyler Goodson,IND
358,Ja'Quinden Jackson,JAC
359,Jordan Watkins,SF
360,Deshaun Watson,CLE
361,Xavier Hutchinson,HOU
362,Skyy Moore,SF
363,Joe Milton III,DAL
364,Kalif Raymond,DET
365,Devontez Walker,BAL
366,Tyquan Thornton,KC
367,Darnell Washington,PIT
368,Jeremy Ruckert,NYJ
369,Jimmy Horn Jr.,CAR
370,Tyler Badie,DEN
371,Alec Ingold,MIA
372,Kenny Pickett,LV
373,Tyrod Taylor,NYJ
374,Robert Woods,PIT
375,Tyler Johnson,NYJ
376,Pierre Strong Jr.,FA
377,D'Ernest Johnson,FA
378,Zach Wilson,MIA
379,Clyde Edwards-Helaire,KC
380,Mitchell Evans,CAR
381,Javon Baker,PHI
382,Colby Parkinson,LAR
383,Carson Steele,KC
384,Chris Tyree,NO
385,Hunter Luepke,DAL
386,Casey Washington,ATL
387,Jake Haener,NO
388,Stone Smartt,NYJ
389,Payne Durham,TB
390,Jake Bobo,SEA
391,Jeff Wilson Jr.,MIA
392,Jonathan Mingo,DAL
393,Mitchell Tinsley,CIN
394,David Moore,CAR
395,John Bates,WAS
396,Brock Wright,DET
397,Sterling Shepard,TB
398,Tyrell Shavers,BUF
399,David Bell,CLE
400,KhaDarel Hodge,ATL
401,DeAndre Carter,CLE
402,Russell Gage Jr.,SF
403,Elijah Higgins,ARI
404,Gardner Minshew II,KC
405,Sione Vaki,DET
406,Andy Dalton,CAR
407,Malachi Corley,CLE
408,Greg Dulcich,MIA
409,Mason Rudolph,PIT
410,Michael Carter,ARI
411,Daniel Bellinger,NYG
412,Rasheen Ali,BAL
413,Will Howard,PIT
414,Malik Willis,GB
415,Bub Means,NO
416,Tavon Austin,FA
417,Julian Hill,MIA
418,Jawhar Jordan,HOU
419,Ricky White III,SEA
420,DJ Chark Jr.,FA
421,Tony Jones Jr.,FA
422,Treyton Welch,NO
423,Xavier Gipson,NYJ
424,Patrick Ricard,BAL
425,Dylan Laube,LV
426,Harrison Bryant,HOU
427,Drake Stoops,FA
428,Terrell Jennings,NE
429,Jase McClellan,FA
430,Carlos Washington Jr.,ATL
431,Sam Howell,PHI
432,Scotty Miller,PIT
433,Troy Hairston II,FA
434,Thomas Fidone II,NYG
435,Luke Lachey,HOU
436,Kendrick Bourne,FA
437,Mecole Hardman Jr.,GB
438,Marcus Yarns,FA
439,Jamaal Williams,FA
440,Trent Sherfield Sr.,DEN
441,Zavier Scott,MIN
442,Johnny Mundt,JAC
443,Bryce Oliver,TEN
444,Ben Skowronek,PIT
445,Beaux Collins,NYG
446,Michael Burton,DEN
447,Trayveon Williams,CLE
448,Cordarrelle Patterson,FA
449,C.J. Ham,MIN
450,Julian Fleming,FA
451,Eric Gray,NYG
452,Ainias Smith,CAR
453,Cedrick Wilson Jr.,NO
454,DeeJay Dallas,CAR
455,Marcus Mariota,WAS
456,Ezekiel Elliott,FA
457,Tanner Conner,MIA
458,Kylen Granson,PHI
459,Derius Davis,LAC
460,Tylan Wallace,BAL
461,Dalvin Cook,FA
462,Darius Cooper,PHI
463,Andrew Beck,NYJ
464,Ian Thomas,LV
465,Jakob Johnson,HOU
466,David Martin-Robinson,TEN
467,LaJohntay Wester,BAL
468,Adam Prentice,DEN
469,Adam Trautman,DEN
470,Velus Jones Jr.,NO
471,Luke Farrell,SF
472,Tanner Hudson,CIN
473,Malcolm Johnson,FA
474,Kene Nwangwu,NYJ
475,Robert Tonyan,KC
476,Josh Williams,TB
477,Jalen Brooks,DAL
478,Corey Kiner,SF
479,Simi Fehoko,ARI
480,Brycen Tremayne,CAR
481,Charlie Kolar,BAL
482,Keaontay Ingram,KC
483,Trey Knox,FA
484,British Brooks,HOU
485,Michael Bennett,FA
486,Lucas Krull,DEN
487,John Stephens Jr.,DAL
488,Chris Blair,ATL
